-- phpMyAdmin SQL Dump
-- version 5.2.1
-- https://www.phpmyadmin.net/
--
-- 主機： 127.0.0.1
-- 產生時間： 2024-05-27 18:35:11
-- 伺服器版本： 10.4.32-MariaDB
-- PHP 版本： 8.1.25

SET SQL_MODE = "NO_AUTO_VALUE_ON_ZERO";
START TRANSACTION;
SET time_zone = "+00:00";


/*!40101 SET @OLD_CHARACTER_SET_CLIENT=@@CHARACTER_SET_CLIENT */;
/*!40101 SET @OLD_CHARACTER_SET_RESULTS=@@CHARACTER_SET_RESULTS */;
/*!40101 SET @OLD_COLLATION_CONNECTION=@@COLLATION_CONNECTION */;
/*!40101 SET NAMES utf8mb4 */;

--
-- 資料庫： `snakedatabase`
--

-- --------------------------------------------------------

--
-- 資料表結構 `hospital`
--

CREATE TABLE `hospital` (
  `醫事機構代碼` varchar(50) DEFAULT NULL,
  `醫院名稱` varchar(512) DEFAULT NULL,
  `醫院地址` varchar(512) DEFAULT NULL,
  `醫院電話` varchar(50) DEFAULT NULL
) ENGINE=InnoDB DEFAULT CHARSET=utf8mb4 COLLATE=utf8mb4_general_ci;

--
-- 傾印資料表的資料 `hospital`
--

INSERT INTO `hospital` (`醫事機構代碼`, `醫院名稱`, `醫院地址`, `醫院電話`) VALUES
('101090517', '臺北市立聯合醫院', '台北市大同區鄭州路１４５號', '25553000'),
('111070010', '衛生福利部基隆醫院', '基隆市信義區信二路２６８號', '24292525'),
('131020016', '新北市立聯合醫院', '新北市三重區板橋區英士路１９８號', '29829111'),
('131060029', '衛生福利部臺北醫院', '新北市新莊區思源路１２７號', '22765566'),
('190030516', '衛生福利部金門醫院', '金門縣金湖鎮復興路２號', '332546'),
('211070012', '基隆市立醫院', '基隆市信義區東信路２８２號', '24652141'),
('291010010', '連江縣立醫院', '連江縣南竿鄉復興村２１７號', '623995'),
('401180014', '國立臺灣大學醫學院附設醫院', '台北市中正區中山南路７號', '23123456'),
('401180023', '國立臺灣大學醫學院附設醫院兒童醫院', '台北市中正區中山南路８號', '23123456'),
('434010518', '國立陽明大學附設醫院', '宜蘭縣宜蘭市新民路１５２號', '9325192'),
('601160016', '臺北榮民總醫院', '台北市北投區石牌路２段２０１號', '77351218'),
('901020013', '中山醫療社團法人中山醫院', '台北市大安區仁愛路４段１１２巷１１號', '27081166'),
('931010016', '中英醫療社團法人中英醫院', '新北市板橋區文化路１段１９６號', '22563584'),
('931010025', '中英醫療社團法人板英醫院', '新北市板橋區文化路１段２６９', '82513923'),
('931060016', '新仁醫療社團法人新仁醫院', '新北市新莊區中正路３９５號', '22017212'),
('931090014', '永聖醫療社團法人文化醫院', '新北市三峽區介壽路１段１９９號', '26732885'),
('934060027', '海天醫療社團法人海天醫院', '宜蘭縣壯圍鄉古亭路２３－９號', '9308010'),
('1101010021', '基督復臨安息日會醫療財團法人臺安醫院', '台北市松山區八德路２段４２４號', '27718151'),
('1101020018', '國泰醫療財團法人國泰綜合醫院', '台北市大安區仁愛路４段２８０號', '27082121'),
('1101020027', '中心診所醫療財團法人中心綜合醫院', '台北市大安區忠孝東路４段７７號', '27510221'),
('1101020036', '宏恩醫療財團法人宏恩綜合醫院', '台北市大安區仁愛路４段７１巷１號', '27713161'),
('1101100011', '財團法人臺灣基督長老教會馬偕紀念社會事業基金會馬偕紀念醫院', '台北市中山區中山北路２段９２號', '25433535'),
('1101100020', '財團法人臺灣基督長老教會馬偕紀念社會事業基金會馬偕兒童醫院', '台北市中山區中山北路２段９２號', '25433535'),
('1101110026', '康寧醫療財團法人康寧醫院', '台北市內湖區成功路５段４２０巷２６號', '26345500'),
('1101150011', '新光醫療財團法人新光吳火獅紀念醫院', '台北市士林區文昌路９５號', '28332211'),
('1101160017', '振興醫療財團法人振興醫院', '台北市北投區振興街４５號', '28264400'),
('1101160026', '醫療財團法人辜公亮基金會和信治癌中心醫院', '台北市北投區立德路１２５號', '28970011'),
('1111060015', '長庚醫療財團法人基隆長庚紀念醫院', '基隆市安樂區麥金路２２２號', '24313131'),
('1131010011', '醫療財團法人徐元智先生醫藥基金會亞東紀念醫院', '新北市板橋區南雅南路２段２１號', '89667000'),
('1131050515', '佛教慈濟醫療財團法人台北慈濟醫院', '新北市新店區建國路２８９號', '66289779'),
('1131090019', '行天宮醫療志業醫療財團法人恩主公醫院', '新北市三峽區復興路３９９號', '26723456'),
('1131110516', '國泰醫療財團法人汐止國泰綜合醫院', '新北市汐止區建成路５９巷２號', '26482121'),
('1134010022', '財團法人蘭陽仁愛醫院', '宜蘭縣宜蘭市中山路２段２６０號', '9321888'),
('1134070019', '宜蘭普門醫療財團法人普門醫院', '宜蘭縣員山鄉深溝村尚深路９１號', '9220292'),
('1231030015', '天主教耕莘醫療財團法人永和耕莘醫院', '新北市永和區中興街８０號', '29251302'),
('1231050017', '天主教耕莘醫療財團法人耕莘醫院', '新北市新店區中正路３６２號', '22193391'),
('1234020011', '財團法人天主教靈醫會羅東聖母醫院', '宜蘭縣羅東鎮中正南路１６０號', '9544106'),
('1301170017', '臺北醫學大學附設醫院', '台北市信義區吳興街２５２號', '27372181'),
('1401190011', '財團法人台灣省私立台北仁濟院附設仁濟醫院', '台北市萬華區廣州街２４３號', '23021133'),
('1401190039', '同仁院醫療財團法人萬華醫院', '台北市萬華區中華路２段６０６巷６號', '23059292'),
('1411030013', '醫療財團法人臺灣區煤礦業基金會臺灣礦工醫院', '基隆市暖暖區源遠路２９號', '24579101'),
('1431060017', '財團法人台灣省私立台北仁濟院附設新莊仁濟醫院', '新北市新莊區中環路１段２８號', '22015222'),
('1434020015', '財團法人羅許基金會羅東博愛醫院', '宜蘭縣羅東鎮南昌街８１號', '9543131'),
('1501010010', '博仁綜合醫院', '台北市松山區光復北路６６號', '25786677'),
('1501010029', '培靈醫院', '台北市松山區八德路４段３５５號', '27606116'),
('1501010047', '松山醫院', '台北市松山區南京東路５段３２４號', '27616534'),
('1501021193', '秀傳醫院', '台北市大安區光復南路１１６巷３號', '27717172'),
('1501100037', '協和婦女醫院', '台北市中山區松江路８５巷５號９３巷６號', '25072222'),
('1501100055', '福全醫院', '台北市中山區民權東路２段４８號', '25630555'),
('1501101141', '泰安醫院', '台北市中山區民權東路２段９２巷２ 之１號', '25251111'),
('1501120020', '資生堂醫院', '台北市南港區新民街６４號', '27867696'),
('1501170039', '仁康醫院', '台北市信義區基隆路２段１３１之２４號', '27360226'),
('1501180035', '郵政總局郵政醫院', '台北市中正區福州街１４號', '23956755'),
('1501190031', '西園醫院', '台北市萬華區西園路２段270號', '23076968'),
('1501201020', '景美醫院', '台北市文山區羅斯福路６段２８０號', '29331010'),
('1511010068', '新昆明醫院', '基隆市中正區中正路３０號', '24268106'),
('1511011092', '維德醫院', '基隆市中正區調和街２１０號', '24696688'),
('1511060022', '南光神經精神科醫院', '基隆市安樂區基金一路９１號', '24310082'),
('1511060040', '暘基醫院', '基隆市安樂區基金一路１２９巷８號', '24322522'),
('1531010082', '板新醫院', '新北市板橋區中正路１８９號', '29609955'),
('1531010108', '蕭中正醫院', '新北市板橋區南雅南路１段１５之１號', '29685661'),
('1531010279', '板橋中興醫院', '新北市板橋區忠孝路１５號', '29590707'),
('1531011310', '板橋國泰醫院', '新北市板橋區忠孝路５號', '29583333'),
('1531021165', '三重中興醫院', '新北市三重區中興北街２１號', '29959680'),
('1531021174', '祐民醫院', '新北市三重區水漾路一段158號', '29783456'),
('1531030100', '永和復康醫院', '新北市永和區中和路５７５號', '29240925'),
('1531030119', '柯瑞祥婦產科醫院', '新北市永和區福和路２７８號', '29235133'),
('1531031241', '永和振興醫院', '新北市永和區信義路１８號', '29221161'),
('1531031269', '瑞祥婦幼醫院', '新北市永和區福和路２７８號２至６樓', '29235133'),
('1531040259', '中祥醫院', '新北市中和區中山路２段１４０號', '22405055'),
('1531041354', '怡和醫院', '新北市中和區連城路４９號', '22450009'),
('1531041363', '蕙生醫院', '新北市中和區中山路２段５５１號', '22236339'),
('1531041381', '祥顥醫院', '新北市新莊區思源路2號', '29468795'),
('1531041390', '怡和醫院', '新北市中和區連城路４９號', '22450009'),
('1531050077', '同仁醫院', '新北市新店區民權路８９號', '29170201'),
('1531051127', '新北仁康醫院', '新北市新店區安康路２段３２３號', '22152345'),
('1531060046', '大順醫院', '新北市新莊區中正路２１５號', '29911726'),
('1531060073', '新莊英仁醫院', '新北市新莊區大觀街４６之２號', '29916363'),
('1531060180', '新泰綜合醫院', '新北市新莊區新泰路１５７號', '29962121'),
('1531061230', '益民醫院', '新北市新莊區中港路１２７號', '89911050'),
('1531071030', '仁愛醫院', '新北市樹林區文化街９號', '26834567'),
('1531091112', '靜養醫院', '新北市三峽區中山路４５９巷９２號', '26710427'),
('1531100027', '公祥醫院', '新北市淡水區中山路38號', '26217638'),
('1531101104', '北新醫院', '新北市淡水區忠寮里演戲埔腳１之２號', '26209199'),
('1531101113', '泓安醫院', '新北市淡水區下圭柔山９１巷２號', '26232681'),
('1531120038', '瑞芳礦工醫院', '新北市瑞芳區一坑路７１之２號', '24974101'),
('1531130052', '廣川醫院', '新北市土城區裕民路２７６號', '22617000'),
('1531130105', '仁安醫院', '新北市土城區中央路１段６２號', '22627088'),
('1531131139', '元復醫院', '新北市土城區中央路２段３20號', '22661886'),
('1531131148', '恩樺醫院', '新北市土城區中央路一段7號', '22639955'),
('1531140021', '全民醫院', '新北市蘆洲區三民路７號', '22821575'),
('1531140049', '全民醫院', '新北市蘆洲區三民路７號', '22821575'),
('1531160023', '泰山英仁醫院', '新北市泰山區明志路１段３０９號', '29093628'),
('1531210019', '台北縣私立台安醫院', '新北市三芝區楓子林路４２之５號', '26371600'),
('1534030031', '建生醫院', '宜蘭縣蘇澳鎮蘇西里中山路１段２１８號', '9961121'),
('1534050024', '杏和醫院', '宜蘭縣礁溪鄉礁溪路４段１２９號', '9886996'),
('1801180013', '天心中醫醫院', '台北市中正區武昌街１段３３號', '23615050'),
('1801191025', '全昌堂傳統中醫醫院', '台北市萬華區漢中街１５４號', '2375-3383'),
('1831020039', '天德堂中醫醫院', '新北市三重區大同南路３號', '29721515'),
('132010014', '衛生福利部桃園醫院', '桃園市桃園區中山路１４９２號', '3699721'),
('135010016', '衛生福利部苗栗醫院', '苗栗縣苗栗市為公路７４７號', '261920'),
('912040012', '平和醫療社團法人和平醫院', '新竹市北區和平路86之1號', '5260151'),
('932020016', '宏其醫療社團法人宏其婦幼醫院', '桃園市中壢區元化路223號', '4618888'),
('932020025', '天成醫療社團法人天晟醫院', '桃園市中壢區延平路155號', '4629292'),
('935020027', '李綜合醫療社團法人苑裡李綜合醫院', '苗栗縣苑裡鎮和平路168號', '862387'),
('1101010012', '長庚醫療財團法人台北長庚紀念醫院', '台北市松山區敦化北路１９９號', '27135211'),
('1112010528', '國泰醫療財團法人新竹國泰綜合醫院', '新竹市東區福德里中華路二段678號', '5278999'),
('1132010024', '沙爾德聖保祿修女會醫療財團法人聖保祿醫院', '桃園市桃園區建新街１２３號', '3613141'),
('1132020011', '財團法人景仁醫院', '桃園縣中壢市中美路９５號', '4253388'),
('1132070011', '長庚醫療財團法人林口長庚紀念醫院', '桃園市龜山區公西里復興街5號', '3281200'),
('1132071036', '長庚醫療財團法人桃園長庚紀念醫院', '桃園市龜山區頂湖路123號', '3196200'),
('1133060019', '天主教仁慈醫療財團法人仁慈醫院', '新竹縣湖口鄉孝勢村忠孝路２９號', '5993500'),
('1135050020', '財團法人為恭紀念醫院', '苗栗縣頭份鎮東庄里仁愛路１１６號', '676811'),
('1232010026', '財團法人天主教聖保祿修女會醫院', '桃園市建新街１２３號', '3613141'),
('1412040022', '財團法人台灣省私立桃園仁愛之家附設新竹新生醫院', '新竹市北區興南里西門街120號', '5265808'),
('1435010013', '財團法人臺灣省私立桃園仁愛之家附設苗栗新生醫院', '苗栗縣苗栗市維新里新東街１１７號', '320988'),
('1512011185', '南門綜合醫院', '新竹市東區林森路２０號', '5261122'),
('1512040051', '新中興醫院', '新竹市興南街４３號', '5213163'),
('1532010013', '振生醫院', '桃園市桃園區三民路二段２８８號', '3356156'),
('1532010040', '德仁醫院', '桃園縣桃園市雲林村１鄰桃鶯路２４５號', '3617985'),
('1532010120', '桃新醫院', '桃園市桃園區復興路１９５號', '3325678'),
('1532011136', '福太醫院', '桃園市桃園區民族路８５號', '3358226'),
('1532011154', '敏盛綜合醫院', '桃園市桃園區三民路三段106號', '3179599'),
('1532011163', '德仁醫院', '桃園市桃園區桃鶯路２４５號', '3617985'),
('1532020180', '新國民醫院', '桃園市中壢區復興路１５２號', '4225180'),
('1532020215', '祐民醫院', '桃園市中壢區五權里民族路二段１８０號', '4915656'),
('1532021285', '承安醫院', '桃園市中壢區延平路６４３號', '2807722'),
('1532021294', '永康醫院', '桃園市中壢區裕民街十三號', '4223641'),
('1532021310', '仁祥醫院', '桃園市中壢區中美路13號1-6樓', '2804203'),
('1532021338', '中壢長榮醫院', '桃園市中壢區環中東路150號', '4631230'),
('1532021347', '華興醫院', '桃園縣中壢市中北路二段316號', '4577200'),
('1532021365', '華揚醫院', '桃園市中壢區中北路二段３１６號', '4577200'),
('1532021374', '長慎醫院', '桃園市中壢區中山東路二段５２５號', '4569779'),
('1532040039', '天成醫院', '桃園市楊梅區新成路196號', '4782350'),
('1532040066', '怡仁綜合醫院', '桃園市楊梅區楊新北路３２１巷３０號', '4855566'),
('1532060031', '居善醫院', '桃園市大園區南港里大觀路９１０號', '3866511'),
('1532061065', '大園敏盛醫院', '桃園市大園區華中街二號', '3867521'),
('1532070019', '大明醫院', '桃園市龜山區龜山里萬壽路二段９６４號', '3202792'),
('1532091081', '龍潭敏盛醫院', '桃園市龍潭區中豐路168號', '4794151'),
('1532100012', '新永和醫院', '桃園市平鎮區延平路一段８１號', '4220606'),
('1532100049', '壢新醫院', '桃園市平鎮區廣泰路７７號', '4941234'),
('1532101091', '陽明醫院', '桃園市平鎮區延平路二段５６號', '4929929'),
('1532101108', '宋俊宏婦幼醫院', '桃園市平鎮區民族路１９９號', '4020999'),
('1532101117', '秉坤婦幼醫院', '桃園市平鎮區延平路二段129號', '4025866'),
('1533010017', '培靈關西醫院', '新竹縣關西鎮新富里11鄰石門33之1號', '5476399'),
('1533030028', '林醫院', '新竹縣竹東鎮東林路７６號', '5962316'),
('1533030046', '竹信醫院', '新竹縣竹東鎮仁愛路１９６號', '5951825'),
('1533050011', '新仁醫院', '新竹縣竹北市博愛街３３１號', '5552039'),
('1533050039', '東元綜合醫院', '新竹縣竹北市縣政二路６９號', '5527000'),
('1533051063', '大安醫院', '新竹縣竹北市博愛街３１８巷６號', '5557188'),
('1535010024', '協和醫院', '苗栗縣苗栗市中正路１３６７號', '352631'),
('1535010051', '大千綜合醫院', '苗栗縣苗栗市恭敬路36號', '357125'),
('1535010122', '大川醫院', '苗栗縣苗栗市中正路４１６號', '355909'),
('1535011156', '弘大醫院', '苗栗縣苗栗市新東街１２５號', '361188'),
('1535040068', '慈祐醫院', '苗栗縣竹南鎮民治街１７號', '476589'),
('1535040086', '大眾醫院', '苗栗縣竹南鎮照南里光復路304號', '551479'),
('1535051178', '重光醫院', '苗栗縣頭份鎮中華路1039號', '682666'),
('1535081078', '大順醫院', '苗栗縣大湖鄉中山路71號', '997666'),
('1832020015', '同慶堂中醫醫院', '桃園市中壢區舊明里中正路３５７號', '4933888'),
('1833030015', '宏安中醫醫院', '新竹縣竹東鎮仁愛里仁愛路３４２號', '5965228'),
('117030010', '衛生福利部臺中醫院', '台中市西區三民路一段１９９號', '22294411'),
('136010010', '衛生福利部豐原醫院', '台中市豐原區安康路１００號', '25271180'),
('137170515', '衛生福利部彰化醫院', '彰化縣埔心鄉舊館村中正路二段８０號', '8298686'),
('138010027', '衛生福利部南投醫院', '南投縣南投市康壽里復興路４７８號', '2231150'),
('617060018', '臺中榮民總醫院', '台中市西屯區臺灣大道４段 １６５０號 ', '23592525'),
('903260015', '順天醫療社團法人順天醫院', '臺中市北區三民路三段３３３號', '22333676'),
('917050027', '維新醫療社團法人台中維新醫院', '台中市北區育德路１８５號', '22038585'),
('917070029', '林新醫療社團法人林新醫院', '台中市南屯區惠中路３段３６號', '22586688'),
('936030018', '李綜合醫療社團法人大甲李綜合醫院', '台中市大甲區八德街２號', '26862288'),
('936050029', '光田醫療社團法人光田綜合醫院', '台中市沙鹿區沙田路１１７號', '26625111'),
('936060016', '童綜合醫療社團法人童綜合醫院', '臺中市梧棲區臺灣大道八段６９９號', '26581919'),
('937010019', '秀傳醫療社團法人秀傳紀念醫院', '彰化縣彰化市南瑤里中山路１段５４２號', '7256166'),
('937030012', '道周醫療社團法人道周醫院', '彰化縣和美鎮和光路１８０號', '7566995'),
('937050014', '伍倫醫療社團法人員榮醫院', '彰化縣員林鎮中正路２０１號', '8326161'),
('937050024', '惠來醫療社團法人宏仁醫院', '彰化縣員林鎮惠來街８９號', '8375878'),
('938030016', '佑民醫療社團法人佑民醫院', '南投縣草屯鎮太平路一段２００號', '2358151'),
('1117010019', '仁愛醫療財團法人台中仁愛醫院', '台中市中區柳岸里柳川東路三段３６號', '22255450'),
('1136090519', '佛教慈濟醫療財團法人台中慈濟醫院', '台中市潭子區豐興路１段６６號', '36060666'),
('1136200015', '仁愛醫療財團法人大里仁愛醫院', '台中市大里區東榮路４８３號', '24819900'),
('1137010024', '彰化基督教醫療財團法人彰化基督教醫院', '彰化縣彰化市南校街135號', '7238595'),
('1137010042', '彰化基督教醫療財團法人彰化基督教兒童醫院', '彰化縣彰化市光南里１３鄰旭光路３２０號', '7238595'),
('1137020511', '秀傳醫療財團法人彰濱秀傳紀念醫院', '彰化縣鹿港鎮鹿工路６號', '7813888'),
('1137020520', '彰化基督教醫療財團法人鹿港基督教醫院', '彰化縣鹿港鎮永安里中正路４８０號', '7779595'),
('1137020548', '彰化基督教醫療財團法人鹿東基督教醫院', '彰化縣鹿港鎮鹿東路２段８８８號', '7789595'),
('1137080017', '彰化基督教醫療財團法人二林基督教醫院', '彰化縣二林鎮南光里大成路一段５５８號', '8952031'),
('1138020015', '埔基醫療財團法人埔里基督教醫院', '南投縣埔里鎮愛蘭里鐵山路１號', '2912151'),
('1303260014', '中國醫藥大學兒童醫院', '臺中市北區育德路２號', '22062121'),
('1317040011', '中山醫學大學附設醫院', '台中市南區建國北路一段１１０號', '24739595'),
('1317050017', '中國醫藥大學附設醫院', '台中市北區育德路２號', '22062121'),
('1417030017', '財團法人台灣省私立台中仁愛之家附設靜和醫院', '台中市西區吉龍里南屯路一段１５８號', '23711129'),
('1436020013', '東勢區農會附設農民醫院', '台中市東勢區南平里豐勢路２９７號', '25771919'),
('1503010018', '惠盛醫院', '臺中市豐原區中正路２６８號', '25229100'),
('1503030010', '順安醫院', '臺中市大甲區光明路６號', '26862328'),
('1503030029', '美德醫院', '臺中市大甲區幸福里５鄰長安路２０號', '23693568'),
('1503030038', '美德醫院', '臺中市大甲區幸福里長安路２０號', '23693568'),
('1517011103', '第一醫院', '台中市中區民族路184號', '22221122'),
('1517011112', '澄清綜合醫院', '台中市中區平等街１３９號', '24632000'),
('1517020040', '台新醫院', '台中市東區東信里振興路４４１號', '22139966'),
('1517021074', '臺安醫院', '台中市東區進化路２０３號', '23602000'),
('1517030055', '林森醫院', '台中市西區三民里三民路一段１５２之１號', '22227800'),
('1517040015', '宏恩醫院', '台中市南區和平里復興路二段３８之１３號', '22623123'),
('1517051107', '勝美醫院', '台中市北區平等里五權路４８２號', '22013333'),
('1517070031', '友仁醫院', '台中市南屯區五權西路２段１９７號', '24739995'),
('1517080019', '聯安醫院', '台中市北屯區東光里東山路一段３７號', '22441995'),
('1517080091', '全民醫院', '台中市北屯區中清路二段５１６號', '22916666'),
('1517081141', '博愛外科醫院', '台中市北屯區文心路３段４３１號', '22954722'),
('1536010046', '豐安醫院', '台中市豐原區中正路１１５號', '25231180'),
('1536010055', '福平醫院', '台中市豐原區豐原里中正路７１號', '25235695'),
('1536011267', '漢忠醫院', '台中市豐原區中正路２１８號', '25222209'),
('1536011276', '新惠生醫院', '台中市豐原區圓環北路一段３１９號', '25228792'),
('1536011294', '祥恩醫院', '台中市豐原區中興路３５號', '25255522'),
('1536011301', '杏豐醫院', '台中市豐原區三民路１０６號', '25234112'),
('1536020015', '協和醫院', '台中市東勢區延平里豐勢路３１８號', '25872113'),
('1536031116', '順安醫院', '台中市大甲區光明路６號', '26862328'),
('1536040553', '清濱醫院', '台中市清水區港埠路４段１９５號', '26283995'),
('1536060037', '明德醫院', '台中市梧棲區中正里仁美街３３巷５０號', '26579595'),
('1536061114', '忠港醫院', '台中市梧棲區文化里中興路４９號', '26580298'),
('1536100081', '清泉醫院', '臺中市大雅區三和里雅潭路四段８０號', '25605600'),
('1536101113', '大雅澄清醫院', '台中市大雅區員林里中清路３段２４之２號', '25677722'),
('1536120010', '清海醫院', '台中市石岡區金星里石岡街下坑巷４１之２號', '25721694'),
('1536151042', '烏日澄清醫院', '台中市烏日區前竹里光明路４１９號', '23376232'),
('1536180061', '霧峰澄清醫院', '台中市霧峰區甲寅里中正路１１２９號', '23397900'),
('1536181139', '本堂澄清醫院', '台中市霧峰區中正路７１８號', '23390000'),
('1536190067', '太平澄清醫院', '臺中市太平區中興路100號', '22789900'),
('1536190076', '賢德醫院', '臺中市太平區宜昌路４２０號', '22732551'),
('1536201065', '新菩提醫院', '台中市大里區中興路２段６２１號', '24829966'),
('1537010040', '信生醫院', '彰化縣彰化市民生里三民路３１２號', '7251191'),
('1537010111', '漢銘醫院', '彰化縣彰化市南興里中山路一段３６６號', '7113456'),
('1537010120', '婦友醫院', '彰化縣彰化市永福里中山路２段４８７號', '7266288'),
('1537010175', '冠華醫院', '彰化縣彰化市光復里中正路一段４３７號', '7255177'),
('1537010219', '成美醫院', '彰化縣彰化市信義里三民路５６號', '7273127'),
('1537010237', '順安醫院', '彰化縣彰化市永福里光復路５３號', '7229889'),
('1537011243', '明德醫院', '彰化縣彰化市龍山里中山路２段８７４巷３３號', '7223138'),
('1537020019', '溫建益醫院', '彰化縣鹿港鎮景福里民權路１２６號', '7777077'),
('1537040057', '南星醫院', '彰化縣北斗鎮居仁里斗苑路一段２６號', '8872178'),
('1537040066', '卓醫院', '彰化縣北斗鎮西安里中山路一段３１１號', '8882995'),
('1537050071', '員林何醫院', '彰化縣員林鎮中山里民族街３３號', '8325111'),
('1537051194', '協和醫院', '彰化縣員林鎮惠來里惠來街９８號', '8321047'),
('1537051229', '員林郭醫院', '彰化縣員林鎮中正里三民街３８之１號', '8356878'),
('1537051247', '員生醫院', '彰化縣員林鎮新生里莒光路３５９號', '8339595'),
('1537051265', '敦仁醫院', '彰化縣員林鎮振興里員水路１段１０２巷７４弄９９號', '7071727'),
('1537051274', '皓生醫院', '彰化縣員林鎮中正里萬年路３段１３３號', '8379560'),
('1537061065', '道安醫院', '彰化縣溪湖鎮光平里彰水路３段３６２號', '8852309'),
('1537070028', '仁和醫院', '彰化縣田中鎮中路里中州路一段１５７號', '8742108'),
('1537071070', '建元醫院', '彰化縣田中鎮中路里中南路三段５１２號', '8743747'),
('1537080042', '洪宗鄰醫院', '彰化縣二林鎮西平里中正路６１號', '8967955'),
('1537081085', '宋志懿醫院', '彰化縣二林鎮豐田里大成路一段５１號', '8968707'),
('1537100012', '伸港忠孝醫院', '彰化縣伸港鄉新港村忠孝路３０號', '7991618'),
('1537120014', '宗生醫院', '彰化縣秀水鄉埔崙村彰水路二段１９５號', '7692201'),
('1538010026', '南基醫院', '南投縣南投市中興路８７０號', '2225595'),
('1538030037', '曾漢棋綜合醫院', '南投縣草屯鎮炎峰里虎山路９１５號', '2314145'),
('1538041101', '竹山秀傳醫院', '南投縣竹山鎮山崇里集山路２段７５號', '2624266'),
('1538041156', '東華醫院', '南投縣竹山鎮集山路三段２７２巷１６號', '2658949'),
('1538061023', '新泰宜婦幼醫院', '南投縣名間鄉新街村彰南路５７１之１號', '2227787'),
('1817080024', '聯合中醫醫院', '台中市北屯區大連路２段３６號', '22465979'),
('1836010097', '大同中醫醫院', '台中市豐原區下街里仁愛街１１號', '25274601'),
('1836011110', '天心中醫醫院', '台中市豐原區田心里中山路２０６號', '25275666'),
('121050011', '衛生福利部臺南醫院', '台南市中區中山路１２５號', '2200055'),
('122020517', '衛生福利部嘉義醫院', '嘉義市西區福全里北港路３１２號', '2319090'),
('140010028', '衛生福利部朴子醫院', '嘉義縣朴子市永和里４２之５０號', '3790600'),
('141010013', '衛生福利部新營醫院', '臺南市新營區忠政里信義街７３號', '6351131'),
('221010019', '台南市立醫院', '台南市東區崇德路６７０號', '2609926'),
('421040011', '國立成功大學醫學院附設醫院', '台南市北區勝利路１３８號', '2353535'),
('905320014', '仁愛醫療社團法人仁愛醫院', '臺南市東區北門路１段１０號', '2213111'),
('922020013', '仁德醫療社團法人陳仁德醫院', '嘉義市西區林森西路２８５號', '2258279'),
('939010018', '信安醫療社團法人信安醫院', '雲林縣斗六市江厝里瓦厝路１５９號', '5223788'),
('941010019', '新興醫療社團法人新興醫院', '臺南市新營區中興路１０號', '6330011'),
('941310014', '永達醫療社團法人永達醫院', '臺南市永康區永大路二段１３２６號', '2311111'),
('1105040016', '台灣基督長老教會新樓醫療財團法人麻豆新樓醫院', '臺南市麻豆區小埤里苓子林20號', '5702228'),
('1105050012', '奇美醫療財團法人佳里奇美醫院', '臺南市佳里區興化里６０６號', '7263333'),
('1121010018', '台灣基督長老教會新樓醫療財團法人台南新樓醫院', '台南市東區泉北里東門路１段５７號', '2748316'),
('1122010012', '戴德森醫療財團法人嘉義基督教醫院', '嘉義市東區中庄里忠孝路５３９號', '2765041'),
('1122010021', '天主教中華聖母修女會醫療財團法人天主教聖馬爾定醫院', '嘉義市東區大雅路二段５６５號', '2756000'),
('1139030015', '天主教若瑟醫療財團法人若瑟醫院', '雲林縣虎尾鎮新生路７４號', '6337333'),
('1139040011', '彰化基督教醫療財團法人雲林基督教醫院', '雲林縣西螺鎮新豐里市場南路３７５號', '5871111'),
('1139130010', '長庚醫療財團法人雲林長庚紀念醫院', '雲林縣麥寮鄉中興村工業路１５００號', '6915151'),
('1140010510', '長庚醫療財團法人嘉義長庚紀念醫院', '嘉義縣朴子市仁和里嘉朴路西段８號', '3621000'),
('1140030012', '佛教慈濟醫療財團法人大林慈濟醫院', '嘉義縣大林鎮平林里民生路２號', '2648000'),
('1141090512', '奇美醫療財團法人柳營奇美醫院', '臺南市柳營區太康里２０１號', '6226999'),
('1141310019', '奇美醫療財團法人奇美醫院', '臺南市永康區中華路９０１號', '2812811'),
('1239020011', '天主教福安醫院', '雲林縣斗南鎮北銘里文昌路１１０號', '5952688'),
('1240030514', '佛教慈濟醫療財團法人大林慈濟醫院', '嘉義縣大林鎮平林里民生路２號', '2648000'),
('1339060017', '中國醫藥大學北港附設醫院', '雲林縣北港鎮新街里新德路１２３號', '7837901'),
('1521010098', '仁愛醫院', '台南市東區北門路一段１０號', '2213111'),
('1521030081', '洪外科醫院', '台南市西區民生路二段６０號', '2240011'),
('1521031104', '郭綜合醫院', '台南市民生路二段２２號', '2221111'),
('1521040050', '志誠醫院', '台南市北區公園路３１５之１號', '2210423'),
('1521041137', '開元寺慈愛醫院', '台南市北區北園街８９之１號', '2384111'),
('1521050010', '永川醫院', '台南市中區觀音里成功路１６９號', '2245771'),
('1521051160', '永和醫院', '台南市中區福安里府前路一段３０４巷２號', '2231191'),
('1521051179', '仁村醫院', '台南市中區仙草里西門路一段４８６號', '2152607'),
('1522011080', '建興醫院', '嘉義市東區內安里中山路１４８號', '2270302'),
('1522011115', '陽明醫院', '嘉義市東區吳鳳北路２５２號', '2252000'),
('1522020025', '陳仁德醫院', '嘉義市西區林森西路２８５號', '2258279'),
('1522021175', '盧亞人醫院', '嘉義市西區北杏里民權路４０６號', '2248347'),
('1522021237', '世華醫院', '嘉義市西區仁愛路３６５號', '2257525'),
('1522021255', '慶昇醫院', '嘉義市西區新榮路３３９之１號', '2229191'),
('1522021264', '安心醫院', '嘉義市西區新民路８８號', '2353100'),
('1522021273', '祥太醫院', '嘉義市西區書院里延平街４９０號', '2230398'),
('1539010048', '洪揚醫院', '雲林縣斗六市文化路１３８號', '5323039'),
('1539010057', '安生醫院', '雲林縣斗六市仁愛里永樂街１２０號', '5353955'),
('1539040019', '育仁醫院', '雲林縣西螺鎮延平路１６２號', '5864574'),
('1539050015', '蔡醫院', '雲林縣土庫鎮中山路６４號', '6622580'),
('1539060011', '全生醫院', '雲林縣北港鎮中正路１００號', '7832851'),
('1539061063', '諸元內科醫院', '雲林縣北港鎮中和里中山路１２５號', '7832068'),
('1539061072', '北港仁一醫院', '雲林縣北港鎮公園路１５５號', '7827666'),
('1541011126', '營新醫院', '臺南市新營區隋唐街２２８號', '6592345'),
('1541031048', '佑昇醫院', '臺南市白河區民安路１號', '6841999'),
('1541050016', '新生醫院', '臺南市佳里區建南里新生路２７２號', '7223122'),
('1541070045', '宏科醫院', '臺南市善化區南關里三民路１之３５號', '5818868'),
('1541070063', '謝醫院', '臺南市善化區坐駕里中正路４３６號', '5838200'),
('1821040010', '美德中醫醫院', '台南市北區公園路６６１號', '2517956'),
('102020011', '高雄市立聯合醫院', '高雄市鼓山區中華一路９７６號', '5552565'),
('102080017', '高雄市立民生醫院', '高雄市苓雅區凱旋二路１３４號', '7511131'),
('102080026', '高雄市立凱旋醫院', '高雄市苓雅區凱旋二路１３０號', '7513171'),
('142030019', '衛生福利部旗山醫院', '高雄市旗山區大德里中學路６０號', '6613811'),
('143010011', '衛生福利部屏東醫院', '屏東縣屏東市自由路２７０號', '7363011'),
('143040019', '衛生福利部恆春旅遊醫院', '屏東縣恆春鎮山腳里恆南路１８８號', '8892704'),
('144010015', '衛生福利部澎湖醫院', '澎湖縣馬公市啟明里中正路１０號', '9261151'),
('602030026', '高雄榮民總醫院', '高雄市左營區大中一路３８６號', '3422121'),
('902080013', '阮綜合醫療社團法人阮綜合醫院', '高雄市苓雅區成功一路162號', '3351121'),
('907120012', '燕巢靜和醫療社團法人燕巢靜和醫院', '高雄市燕巢區深水路３之２０號', '6156555'),
('907320012', '愛仁醫療社團法人愛仁醫院', '高雄市三民區民族一路５１號', '3115159'),
('943010017', '寶建醫療社團法人寶建醫院', '屏東市空翔里中山路１２３號', '7665995'),
('943010026', '安和醫療社團法人安和醫院', '屏東縣屏東市崇蘭里自由路５９８號', '7651828'),
('943010035', '優生醫療社團法人優生醫院', '屏東縣屏東市華山里瑞光路三段１０３號', '7382222'),
('943020013', '安泰醫療社團法人潮州安泰醫院', '屏東縣潮州鎮三星里四維路１６２號', '87800888'),
('943030019', '安泰醫療社團法人安泰醫院', '屏東縣東港鎮興東里中正路一段２１０號', '8329966'),
('943150016', '皇安醫療社團法人小康醫院', '屏東縣新埤鄉新埤村新華路文化巷１８-１號', '7973168'),
('943160012', '枋寮醫療社團法人枋寮醫院', '屏東縣枋寮鄉安樂村中山路１３９號', '8789991'),
('1107350015', '天主教聖功醫療財團法人聖功醫院', '高雄市苓雅區建國一路３５２號', '2238153'),
('1142100017', '長庚醫療財團法人高雄長庚紀念醫院', '高雄市鳥松區大埤路１２３號', '7317123'),
('1142120001', '義大醫療財團法人義大醫院', '高雄市燕巢區角宿里義大路１號', '6150011'),
('1143010012', '屏基醫療財團法人屏東基督教醫院', '屏東縣屏東市華山里大連路６０號', '7368686'),
('1143040010', '恆基醫療財團法人恆春基督教醫院', '屏東縣恆春鎮山腳里恆西路２１號', '8892293'),
('1143130019', '佑青醫療財團法人佑青醫院', '屏東縣內埔鄉建興村建興路２１８巷１９號', '7705115'),
('1143150011', '迦樂醫療財團法人迦樂醫院', '屏東縣新埤鄉箕湖村進化路１２–２００號', '7981511'),
('1202080010', '財團法人天主教聖功醫院', '高雄市苓雅區民主里建國一路３５２號', '2238153'),
('1202080029', '信義醫療財團法人高雄基督教醫院', '高雄市苓雅區華新街８６號', '3321111'),
('1244010018', '財團法人天主教靈醫會惠民醫院', '澎湖縣馬公市光復里樹德路１４號', '9272318'),
('1302050014', '財團法人私立高雄醫學大學附設中和紀念醫院', '高雄市三民區十全一路１００號', '3121101'),
('1343030018', '輔英科技大學附設醫院', '屏東縣東港鎮興台里中山路５號', '8323146'),
('1442060014', '財團法人台灣省私立高雄仁愛之家附設慈惠醫院', '高雄市大寮區後庄里鳳屏一路５０９號', '7030315'),
('1502020056', '聖明醫院', '高雄市鼓山區忠正里鼓山三路５２號', '5313755'),
('1502020065', '正大醫院', '高雄市鼓山區鼓山三路１２８－９號', '5823989'),
('1502021071', '三泰醫院', '高雄市鼓山區光榮里九如四路１０３０號', '5217466'),
('1502031095', '馨蕙馨醫院', '高雄市左營區明誠二路541號', '5586080'),
('1502031102', '柏仁醫院', '高雄市左營區博愛二路350號', '5508888'),
('1502040021', '健仁醫院', '高雄市楠梓區中陽里楠陽路１３６號', '3517166'),
('1502040076', '顏威裕醫院', '高雄市楠梓區秀昌里後昌路８２６號', '3639053'),
('1502041108', '長春醫院', '高雄市楠梓區右昌街３３１號', '3612995'),
('1502041117', '右昌聯合醫院', '高雄市楠梓區軍校路９３０號', '3643388'),
('1502050045', '德謙醫院', '高雄市三民區九如二路１８號', '3210981'),
('1502050152', '南山醫院', '高雄市三民區建東里建國三路１５１號', '2882101'),
('1502050170', '祐生醫院', '高雄市三民區鳳北里建國三路６０號', '2866688'),
('1502050205', '健生醫院', '高雄市三民區九如二路６８號', '3117877'),
('1502050241', '民族醫院', '高雄市三民區民族一路８８０號', '3462802'),
('1502050296', '文雄醫院', '高雄市三民區察哈爾二街１３２號', '3165275'),
('1502051426', '四季台安醫院', '高雄市三民區聯興路１５７號', '3983000'),
('1502051435', '宏明醫院', '高雄市三民區建國三路415號', '2722451'),
('1502060014', '蕭志文醫院', '高雄市新興區七賢一路１０２號', '2243199'),
('1502060041', '靜和醫院', '高雄市新興區民族二路１７８號', '2229612'),
('1502060149', '惠仁醫院', '高雄市新興區中山一路６７-2號', '2010196'),
('1502061155', '大千醫院', '高雄市新興區中正三路１－１１號', '2267799'),
('1502061191', '優生美地醫院', '高雄市新興區七賢一路４２０號', '2352360'),
('1502061208', '新華醫院', '高雄市新興區七賢二路９７號', '2876080'),
('1502070029', '重仁骨科醫院', '高雄市前金區北金里中華三路２４７號', '2813136'),
('1502070118', '健新醫院', '高雄市前金區七賢二路２９５號', '2613866'),
('1502071268', '聖和醫院', '高雄市前金區青年二路六號', '2514117'),
('1502081175', '邱外科醫院', '高雄市苓雅區成功一路１３７號', '3364131'),
('1502090138', '二聖醫院', '高雄巿前鎮區竹東里二聖一路７１號', '7117366'),
('1502091313', '正薪醫院', '高雄市前鎮區一心一路233號', '9705335'),
('1502091340', '瑞祥醫院', '高雄市前鎮區班超路９２號', '7717503'),
('1502110064', '安泰醫院', '高雄市小港區沿海一路２２１號', '8017856'),
('1502111098', '臨海醫院', '高雄市小港區沿海一路店鎮里461號', '8012171'),
('1507010014', '新高鳳醫院', '高雄市鳳山區光遠路360號', '7472320'),
('1507300013', '博正醫院', '高雄市左營區博愛二路１００號', '5562212'),
('1507320015', '新高醫院', '高雄市三民區莊敬路２８８號', '3828814'),
('1507340026', '上琳醫院', '高雄市前金區自強一路６７號', '2828668'),
('1507350013', '聖和醫院', '高雄市前金區青年二路６號', '2514117'),
('1542010052', '大東醫院', '高雄市鳳山區光遠路171-2號', '7463762'),
('1542011237', '惠德醫院', '高雄市鳳山區福祥街81號', '8126000'),
('1542011264', '新高鳳醫院', '高雄市鳳山區光遠路３６０號', '7472320'),
('1542011282', '杏和醫院', '高雄市鳳山區五甲二路３８９號', '7613111'),
('1542020058', '劉嘉修醫院', '高雄市岡山區岡山路４２８號', '6221231'),
('1542020067', '劉光雄醫院', '高雄市岡山區岡山路３８０－１號', '6219156'),
('1542020129', '樂安醫院', '高雄市岡山區後協里通校路３００號', '6256791'),
('1542021171', '惠川醫院', '高雄市岡山區岡山路９２號', '6229292'),
('1542030018', '重安醫院', '高雄市旗山區大德里大仁街１８號', '6618471'),
('1542030063', '博愛醫院', '高雄市旗山區延平一路６８９號', '6617602'),
('1542030116', '溪洲醫院', '高雄市旗山區延平一路４１２號', '6621985'),
('1542040050', '三聖醫院', '高雄市美濃區合和里合和路５６號', '6818495'),
('1542050056', '建佑醫院', '高雄市林園區東林西路３６０號', '6437901'),
('1542051151', '霖園醫院', '高雄市林園區林園里林園北路２４４號', '6413399'),
('1542061077', '樂生婦幼醫院', '高雄市大寮區鳳林三路５３２號', '7862688'),
('1542061148', '瑞生醫院', '高雄市大寮區鳳林四路192號', '7835175'),
('1542110020', '泰和醫院', '高雄市橋頭區橋頭里成功路１０１號', '6111128'),
('1542140046', '長佑醫院', '高雄市阿蓮區中山路150號', '6311267'),
('1542150033', '溫有諒醫院', '高雄市路竹區竹南里延平路５７號', '6963322'),
('1542150042', '高新醫院', '高雄市路竹區中山路６２７號', '6975903'),
('1543010056', '復興醫院', '屏東縣屏東市民生路147-3號', '7232323'),
('1543010109', '國仁醫院', '屏東縣屏東市民生東路１２–２號', '7223000'),
('1543010172', '優生婦產科醫院', '屏東縣屏東市華山里瑞光路三段１０３號', '7382222'),
('1543010190', '民眾醫院', '屏東縣屏東市忠孝路１２０之１號', '7325455'),
('1543011277', '國新醫院', '屏東縣屏東市福建路１７號', '7345767'),
('1543011320', '新安醫院', '屏東縣屏東市仁德路１１號', '7669090'),
('1543020105', '茂隆骨科醫院', '屏東縣潮州鎮朝昇路３２２號', '7801915'),
('1543040036', '南門醫院', '屏東縣恆春鎮南門路１０號', '8894568'),
('1543070016', '屏安醫院', '屏東縣長治鄉信義路１２９號', '7622670'),
('1543110015', '同慶醫院', '屏東縣高樹鄉長榮村興中路２０８號', '7962033'),
('1543110024', '聖恩內科醫院', '屏東縣高樹鄉田子村勝利路１３２號', '7966797'),
('1543110033', '同慶醫院', '屏東縣高樹鄉長榮村興中路２０８號', '7962033'),
('1842011082', '馬光中醫醫院', '高雄市鳳山區維新路１２２號', '7437003'),
('1843020012', '永生中醫醫院', '屏東縣潮州鎮潮州里長興路６０號', '7883600'),
('145010019', '衛生福利部花蓮醫院', '花蓮縣花蓮市中正路６００號', '8358141'),
('145030020', '衛生福利部玉里醫院', '花蓮縣玉里鎮中華路４４８號', '8886141'),
('146010013', '衛生福利部台東醫院', '台東縣台東市五權街１號', '324112'),
('1145010010', '佛教慈濟醫療財團法人花蓮慈濟醫院', '花蓮縣花蓮市中央路３段７０７號', '8561825'),
('1145010038', '臺灣基督教門諾會醫療財團法人門諾醫院', '花蓮市民權路４４號', '8241234'),
('1145030012', '佛教慈濟醫療財團法人玉里慈濟醫院', '花蓮縣玉里鎮民權街１－１號', '8882718'),
('1146010032', '東基醫療財團法人台東基督教醫院', '台東縣台東市開封街３５０號', '960888'),
('1146010041', '天主教花蓮教區醫療財團法人台東聖母醫院', '臺東縣台東市民族里２１鄰杭州街２號', '322833'),
('1146030516', '佛教慈濟醫療財團法人關山慈濟醫院', '台東縣關山鎮和平路１２５－５號', '814880'),
('1845011119', '和平中醫醫院', '花蓮縣花蓮市信義街６１號', '8333491');

-- --------------------------------------------------------

--
-- 資料表結構 `蛇的出沒時間`
--

CREATE TABLE `蛇的出沒時間` (
  `出沒時間` varchar(20) NOT NULL
) ENGINE=InnoDB DEFAULT CHARSET=utf8mb4 COLLATE=utf8mb4_general_ci;

--
-- 傾印資料表的資料 `蛇的出沒時間`
--

INSERT INTO `蛇的出沒時間` (`出沒時間`) VALUES
('夜行性'),
('日行性');

-- --------------------------------------------------------

--
-- 資料表結構 `蛇的斑紋`
--

CREATE TABLE `蛇的斑紋` (
  `蛇的斑紋` varchar(20) NOT NULL
) ENGINE=InnoDB DEFAULT CHARSET=utf8mb4 COLLATE=utf8mb4_general_ci;

--
-- 傾印資料表的資料 `蛇的斑紋`
--

INSERT INTO `蛇的斑紋` (`蛇的斑紋`) VALUES
('V字斑紋'),
('W字斑紋'),
('Y字斑紋'),
('單一'),
('圓斑'),
('斑塊'),
('棋盤'),
('棋盤狀'),
('王字紋'),
('環狀'),
('直線'),
('矩形斑紋'),
('破碎斑紋'),
('花紋'),
('雜班');

-- --------------------------------------------------------

--
-- 資料表結構 `蛇的毒性`
--

CREATE TABLE `蛇的毒性` (
  `蛇的毒性` varchar(20) NOT NULL
) ENGINE=InnoDB DEFAULT CHARSET=utf8mb4 COLLATE=utf8mb4_general_ci;

--
-- 傾印資料表的資料 `蛇的毒性`
--

INSERT INTO `蛇的毒性` (`蛇的毒性`) VALUES
('中'),
('弱'),
('強'),
('無毒');

-- --------------------------------------------------------

--
-- 資料表結構 `蛇的種類`
--

CREATE TABLE `蛇的種類` (
  `Snake_ID` int(11) NOT NULL,
  `種類` varchar(20) NOT NULL,
  `毒性` varchar(20) NOT NULL,
  `出沒時間` varchar(20) NOT NULL,
  `顏色` varchar(20) NOT NULL,
  `斑紋` varchar(20) NOT NULL,
  `頭部形狀` varchar(20) NOT NULL,
  `Antivenom_ID` varchar(20) DEFAULT NULL
) ENGINE=InnoDB DEFAULT CHARSET=utf8mb4 COLLATE=utf8mb4_general_ci;

--
-- 傾印資料表的資料 `蛇的種類`
--

INSERT INTO `蛇的種類` (`Snake_ID`, `種類`, `毒性`, `出沒時間`, `顏色`, `斑紋`, `頭部形狀`, `Antivenom_ID`) VALUES
(1, '紅竹蛇', '無毒', '夜行性', '紅色', '環狀', '橢圓形', NULL),
(2, '紅斑蛇', '無毒', '夜行性', '紅色', '圓斑', '橢圓形', NULL),
(3, '史丹吉氏斜鱗蛇', '無毒', '日行性', '紅色', 'V字斑紋', '橢圓形', NULL),
(4, '環紋赤蛇', '強', '夜行性', '紅色', '環狀', '橢圓形', NULL),
(5, '梭德氏遊蛇', '無毒', '日行性', '紅色', 'V字斑紋', '橢圓形', NULL),
(6, '赤背松柏根', '無毒', '夜行性', '紅色', 'V字斑紋', '橢圓形', NULL),
(7, '草花蛇', '無毒', '日行性', '棕色', '棋盤狀', '橢圓形', NULL),
(8, '瑪家山龜殼花', '強', '夜行性', '紅褐色', '矩形斑紋', '三角形', NULL),
(9, '赤腹松柏根', '無毒', '日行性', '紅色', 'V字斑紋', '橢圓形', NULL),
(10, '茶斑蛇', '弱', '日行性', '棕色', 'Y字斑紋', '三角形', NULL),
(11, '大頭蛇', '弱', '夜行性', '紅褐色', '破碎斑紋', '橢圓形', NULL),
(12, '斯文豪氏頸槽蛇', '弱', '日行性', '棕色', '雜班', '橢圓形', NULL),
(13, '台灣鈍頭蛇', '無毒', '夜行性', '橘紅色', 'W字斑紋', '橢圓形', NULL),
(14, '赤腹遊蛇', '無毒', '日行性', '橘紅色', '環狀', '橢圓形', NULL),
(15, '台灣黑眉錦蛇', '無毒', '日行性', '黃色', '花紋', '橢圓形', NULL),
(16, '草花蛇', '無毒', '日行性', '黃色', '棋盤狀', '橢圓形', NULL),
(17, '王錦蛇', '無毒', '日行性', '黃色', '王字紋', '橢圓形', NULL),
(18, '標蛇', '無毒', '夜行性', '綠色', '單一', '橢圓形', NULL),
(19, '茶斑蛇', '弱', '日行性', '黃色', 'Y字斑紋', '橢圓形', NULL),
(20, '泰雅鈍頭蛇', '無毒', '夜行性', '黃色', 'W字斑紋', '橢圓形', NULL),
(21, '駒井氏鈍頭蛇', '無毒', '夜行性', '黃色', 'W字斑紋', '橢圓形', NULL),
(22, '台灣赤煉蛇', '強', '日行性', '黃色', '棋盤狀', '橢圓形', NULL),
(23, '高砂蛇', '無毒', '日行性', '黃色', 'V字斑紋', '橢圓形', NULL),
(24, '細紋南蛇', '無毒', '日行性', '棕色', '花紋', '橢圓形', NULL),
(25, '花浪蛇', '無毒', '日行性', '黃色', '花紋', '橢圓形', NULL),
(26, '赤尾青竹絲', '強', '夜行性', '綠色', '單一', '三角形', NULL),
(27, '灰腹綠錦蛇', '無毒', '日行性', '綠色', '單一', '橢圓形', NULL),
(28, '翠青蛇', '無毒', '日行性', '黃色', '單一', '橢圓形', NULL),
(29, '過山刀', '無毒', '日行性', '綠色', '直線', '橢圓形', NULL),
(30, '史丹吉氏斜鱗蛇', '無毒', '日行性', '綠色', 'V字斑紋', '橢圓形', NULL),
(31, '羽鳥氏帶紋赤蛇', '強', '夜行性', '棕色', '花紋', '橢圓形', NULL),
(32, '金絲蛇', '無毒', '日行性', '棕色', '直線', '橢圓形', NULL),
(33, '福建頸斑蛇', '無毒', '夜行性', '棕色', '雜班', '橢圓形', NULL),
(34, '白腹遊蛇', '無毒', '日行性', '棕色', '花紋', '橢圓形', NULL),
(35, '龜殼花', '強', '夜行性', '棕色', '斑塊', '橢圓形', NULL),
(36, '擬龜殼花', '無毒', '夜行性', '棕色', '圓斑', '橢圓形', NULL),
(37, '菊池氏龜殼花', '強', '日行性', '棕色', '斑塊', '橢圓形', NULL),
(38, '百步蛇', '強', '日行性', '橘紅色', '斑塊', '三角形', NULL),
(39, '高砂蛇', '無毒', '日行性', '棕色', '斑塊', '橢圓形', NULL),
(40, '雨傘節', '強', '夜行性', '黑色', '環狀', '橢圓形', NULL),
(41, '白梅花蛇', '無毒', '夜行性', '黑色', '花紋', '橢圓形', NULL),
(42, '眼鏡蛇', '強', '夜行性', '黑色', '環狀', '三角形', NULL),
(43, '黑頭蛇', '無毒', '日行性', '棕色', '單一', '橢圓形', NULL),
(44, '鐵線蛇', '無毒', '日行性', '黑色', '花紋', '橢圓形', NULL),
(45, '鉤盲蛇', '無毒', '夜行性', '黑色', '單一', '橢圓形', NULL),
(46, '唐水蛇', '強', '夜行性', '棕色', '單一', '橢圓形', NULL),
(47, '莫氏水蛇', '弱', '夜行性', '綠色', '單一', '橢圓形', NULL);

-- --------------------------------------------------------

--
-- 資料表結構 `蛇的血清`
--

CREATE TABLE `蛇的血清` (
  `Antivenom_ID` int(11) NOT NULL,
  `藥品名稱` varchar(20) NOT NULL
) ENGINE=InnoDB DEFAULT CHARSET=utf8mb4 COLLATE=utf8mb4_general_ci;

--
-- 傾印資料表的資料 `蛇的血清`
--

INSERT INTO `蛇的血清` (`Antivenom_ID`, `藥品名稱`) VALUES
(1, '抗百步蛇毒血清'),
(4, '抗鎖鏈蛇毒血清'),
(2, '抗雨傘節及飯匙倩蛇毒血清'),
(3, '抗龜殼花及赤尾鮐蛇毒血清');

-- --------------------------------------------------------

--
-- 資料表結構 `蛇的頭部形狀`
--

CREATE TABLE `蛇的頭部形狀` (
  `頭部形狀` varchar(20) NOT NULL
) ENGINE=InnoDB DEFAULT CHARSET=utf8mb4 COLLATE=utf8mb4_general_ci;

--
-- 傾印資料表的資料 `蛇的頭部形狀`
--

INSERT INTO `蛇的頭部形狀` (`頭部形狀`) VALUES
('三角形'),
('橢圓形');

-- --------------------------------------------------------

--
-- 資料表結構 `蛇的顏色`
--

CREATE TABLE `蛇的顏色` (
  `蛇的顏色` varchar(20) NOT NULL
) ENGINE=InnoDB DEFAULT CHARSET=utf8mb4 COLLATE=utf8mb4_general_ci;

--
-- 傾印資料表的資料 `蛇的顏色`
--

INSERT INTO `蛇的顏色` (`蛇的顏色`) VALUES
('棕色'),
('橘紅色'),
('紅色'),
('紅褐色'),
('綠色'),
('黃色'),
('黑色');

--
-- 已傾印資料表的索引
--

--
-- 資料表索引 `蛇的出沒時間`
--
ALTER TABLE `蛇的出沒時間`
  ADD PRIMARY KEY (`出沒時間`);

--
-- 資料表索引 `蛇的斑紋`
--
ALTER TABLE `蛇的斑紋`
  ADD PRIMARY KEY (`蛇的斑紋`);

--
-- 資料表索引 `蛇的毒性`
--
ALTER TABLE `蛇的毒性`
  ADD PRIMARY KEY (`蛇的毒性`);

--
-- 資料表索引 `蛇的種類`
--
ALTER TABLE `蛇的種類`
  ADD PRIMARY KEY (`Snake_ID`),
  ADD KEY `顏色` (`顏色`),
  ADD KEY `斑紋` (`斑紋`),
  ADD KEY `出沒時間` (`出沒時間`),
  ADD KEY `毒性` (`毒性`),
  ADD KEY `頭部形狀` (`頭部形狀`),
  ADD KEY `Antivenom_ID` (`Antivenom_ID`);

--
-- 資料表索引 `蛇的血清`
--
ALTER TABLE `蛇的血清`
  ADD PRIMARY KEY (`藥品名稱`);

--
-- 資料表索引 `蛇的頭部形狀`
--
ALTER TABLE `蛇的頭部形狀`
  ADD PRIMARY KEY (`頭部形狀`);

--
-- 資料表索引 `蛇的顏色`
--
ALTER TABLE `蛇的顏色`
  ADD PRIMARY KEY (`蛇的顏色`);
COMMIT;

/*!40101 SET CHARACTER_SET_CLIENT=@OLD_CHARACTER_SET_CLIENT */;
/*!40101 SET CHARACTER_SET_RESULTS=@OLD_CHARACTER_SET_RESULTS */;
/*!40101 SET COLLATION_CONNECTION=@OLD_COLLATION_CONNECTION */;
